{"cameraMode":{"drawMode":0,"name":"Shaded","section":"Shading Mode"},"sceneLighting":true,"audioPlay":false,"sceneViewState":{"showFog":true,"showMaterialUpdate":false,"showSkybox":true,"showFlares":true,"showImageEffects":true,"showParticleSystems":true,"showVisualEffectGraphs":true,"m_FxEnabled":true},"in2DMode":false,"pivot":{"x":283.24725341796877,"y":23.12164878845215,"z":161.92971801757813},"rotation":{"x":-0.007107038516551256,"y":-0.9912291765213013,"z":0.05985264852643013,"w":-0.11772102862596512},"size":4.2667741775512699,"orthographic":false}