{"cameraMode":{"drawMode":0,"name":"Shaded","section":"Shading Mode"},"sceneLighting":false,"audioPlay":false,"sceneViewState":{"showFog":true,"showMaterialUpdate":false,"showSkybox":true,"showFlares":true,"showImageEffects":true,"showParticleSystems":true,"showVisualEffectGraphs":true,"m_FxEnabled":true},"in2DMode":false,"pivot":{"x":285.87982177734377,"y":26.36117935180664,"z":198.70452880859376},"rotation":{"x":0.13395678997039796,"y":-0.29939907789230349,"z":0.04249439015984535,"w":0.9437383413314819},"size":16.912220001220704,"orthographic":false}