{"cameraMode":{"drawMode":0,"name":"Shaded","section":"Shading Mode"},"sceneLighting":false,"audioPlay":false,"sceneViewState":{"showFog":true,"showMaterialUpdate":false,"showSkybox":false,"showFlares":true,"showImageEffects":true,"showParticleSystems":true,"showVisualEffectGraphs":true,"m_FxEnabled":true},"in2DMode":false,"pivot":{"x":278.76605224609377,"y":24.183191299438478,"z":170.59268188476563},"rotation":{"x":0.13009929656982423,"y":0.07131840288639069,"z":-0.009383223950862885,"w":0.9888899326324463},"size":0.12247106432914734,"orthographic":false}