{"cameraMode":{"drawMode":0,"name":"Shaded","section":"Shading Mode"},"sceneLighting":false,"audioPlay":false,"sceneViewState":{"showFog":true,"showMaterialUpdate":false,"showSkybox":false,"showFlares":true,"showImageEffects":true,"showParticleSystems":true,"showVisualEffectGraphs":true,"m_FxEnabled":true},"in2DMode":false,"pivot":{"x":278.8041076660156,"y":24.117000579833986,"z":170.83709716796876},"rotation":{"x":-0.18545196950435639,"y":0.6725707054138184,"z":-0.1798618882894516,"w":-0.6934745907783508},"size":0.014918164350092411,"orthographic":false}